[{"endpoint":"https://fcm.googleapis.com/fcm/send/fCi63DO1Krk:APA91bFoAoP7p8I4aAumHIEYPhMuvFemR3kig_OKnZ0M-7vfftRy4odK1n4G6tpn5mfaUS-2Pnqml5GVOF5o8g5PHQtfS-QM5A9ufCSkr9IHWofs49RaGQS1UuEzqJGDUsdqR7xv3hrF","expirationTime":null,"keys":{"p256dh":"BD1y1v4W3yOH5AaETpYxVJZ1I5qsitXfz5WtlebM0GuFCoJxkp755oP8KubUDV8SvFzJxQhpMayDm7EaKm7bzAw","auth":"mzhkJWs2gEYra9HgoJeUdA"}},{"endpoint":"https://fcm.googleapis.com/fcm/send/f1HAk9Gfep8:APA91bFzkU64f4JWpr4-oUoFLtxoZ2phg95PjInBCxQEC_wTB1raMTalTCqNXdKEqrKBuf3X-h4r_SRnLGJFtrsSQo142oM9qfwNGd2pPyIojJ9zg5kavLGPUEF3ChcuK41lWtGvMdI9","expirationTime":null,"keys":{"p256dh":"BHUvIA6vF-J5xG_Icen595rQ8WiiXdHdS7-IhRQFZDKbV0zMtB_hrn4r6cv7KV66sqGSEQH1vyo7KZ0CrXd8TEI","auth":"BkBAVJm6TFfNhIriT4z4-A"}},{"endpoint":"https://fcm.googleapis.com/fcm/send/eiOvucsBOps:APA91bGdRsIjxV1esbz9sdaPd_R6HWRAIN4f8O6mEbwgVQdU4x8ED4powlU1OoyYwYYNUkxSTgdRF6HUY3winuLHNldGgQ3_ClfmZc7Z1a7JUsoLwFeHCzNSZ46PXdnVQqSIpviRXH72","expirationTime":null,"keys":{"p256dh":"BESEtHQOOviqhYucGNwR_vauzBrlr8qCeromP6wZG656L8l_PCbRLU0HKqLwntQC93EApQxZx2O3U4ymVLTLVgc","auth":"S-0hHELopnU7-eiTxMDD0Q"}},{"endpoint":"https://fcm.googleapis.com/fcm/send/frCslYbcGa4:APA91bHSHHl5MgH8mN-btbS8F_KE4YCb7w9k-2heugrtMkgm41qwg_XaBiUd-U-liyEJxeW6bl931jKzDTK0I6x9VnTC32KfKkzzRCcRfwONdTriOI7LZ1l_3dOWImrMRxyRSMqV2rFX","expirationTime":null,"keys":{"p256dh":"BLXNxZ3GYPFi47rEuRoQo3JO0hs31v9bupSPx9bAQHP_cL3biAktF_hDLNQz5gGPMTQQXDctJcuzqAwBjbIE6Tk","auth":"U7NJjmH_TsfkdCNNh80E-Q"}},{"endpoint":"https://fcm.googleapis.com/fcm/send/dAVE5kRE2qo:APA91bH1bbfx66JrCWoBYquMfw3rxUSNJeGbpMAohQn7ZQ8G-dAerKi_fdUDjK3rbRb6hVujQHTJFH-lmUQ2APaOGOUFT8Zx6_mvs4-4Q6ERoM2IkQ9wD1LcYPdrmU6_-NOPYECAgara","expirationTime":null,"keys":{"p256dh":"BGgkzv12ZhjBekCpY5pYcL0CoiUB1G83rcu3HoqfeKwgC-MWTRDDxJ9ShLQP_E61OqgX2UP-b78qQrEdFep3H10","auth":"w_KTWtH0Qm4slLtVfHNTfQ"}},{"endpoint":"https://fcm.googleapis.com/fcm/send/dSqDQE4cbSo:APA91bEWk1twmkuCpcjs2RRqTtvFshDGQxumIeFcXXRjQhd6C7UU4ERRa449w9MGYhDWg0j5MM0EnSv3aWYDjjuJhXcecbVDB5_SizVfxvCZcAii-8vtHhuZ0SUtoj1MtAix3G8qA1Eb","expirationTime":null,"keys":{"p256dh":"BDwF3CxAsHzxGV_H-NsBcGlm2adHSuL1S6dBQfj2Q57sJDNhntGy9n4871IT_p9_zRrOsY4hHonZPKcXnjrK87E","auth":"w7kH4ICNpzvz_cKM2UTrkA"}},{"endpoint":"https://fcm.googleapis.com/fcm/send/dxt1Akkah_Q:APA91bGCziCCU-pUCVyD__2hgZYdhaOzmGwE0t-D2yFglb87A9yyAD1lJ93a4ZhitME9aVITpdJy2l6hDZGxtntoOOXqIC1soDKUlO6q8Inr6V2Xysv-Kkfbrfn0r9mvjUI_x6ivedvs","expirationTime":null,"keys":{"p256dh":"BN_pfhh7yMgZw11O010exdrB4InS4KhMwexL26t1pd6j6vhEwJV56pqGrdskXKeA1d9tVebXVcBftQXRtw2diuE","auth":"uRS5KvHwE6vKY5AqdRYtyQ"}},{"endpoint":"https://fcm.googleapis.com/fcm/send/fTo9iQUB_pI:APA91bGGEFuV1LHp13VtezYyUtsxcb0g63YSRo_iVnUn-fR254TeSiQxInHQaL0Szs-2Pe_ti3DfqGyppT8C1N8WbkipujsEHOvj5-xjbp3IA36wXWoJGi7l55wu2dI0MAyYAorXlPsO","expirationTime":null,"keys":{"p256dh":"BMKmQkTVpSP4JZi5XA7rWSfn8OmsyI0UiJ126hgvSf73meFtuJZ4vDafQy-x3a7nEWXKo_AwVP9p1SOJ6ZSq8m0","auth":"r5owMbRMnExrn4ZT1eFBeA"}},{"endpoint":"https://fcm.googleapis.com/fcm/send/ehW0aEbyoIA:APA91bFlvLejYoeG5A7bee7bdiSmxp8sR4avCxspggNm71MJ5iMPc4UZYiiwxHWnc3t2fjHZ4o5QEvfLGDGJvmreW2auhQfhas_1SQJdkQNOsP46BLIOH7WhKkJ1Y2vBYhIAVkzBgY3Q","expirationTime":null,"keys":{"p256dh":"BNEsFMb1fan-IluEDdl4pLFB3kJXgGoF4u4uuobhudHyXWkEGTVD4Qhzp8Ar0pUeu2sy3Gys7JQ6rCXs8PJdQUM","auth":"WXpvHahlqKbauHDigHKqMw"}},{"endpoint":"https://fcm.googleapis.com/fcm/send/fcCKgYNdgHo:APA91bFY9NMETEvJcrjG54YeroNkgeoAAsletUCFT9XJl7RD1vzgBBbcJtdkxmOqkzUjCjE9f3ZMrJ5vwN7b0QtPteJQu_JRLCw30qoZWgVvU8oAsJbquHrHPZPexWFjycvU1ruiMFEC","expirationTime":null,"keys":{"p256dh":"BOzmytFpZQYcYbuDfVSWQzmwNqPuH3WBgQTas3kFSdHHcAwIVw-uh9QFSMjLXnUhd42U84nq_IZDm_odHjmU75c","auth":"LA-SplwImBckhCUWxqjXAQ"}},{"endpoint":"https://fcm.googleapis.com/fcm/send/fcCKgYNdgHo:APA91bFY9NMETEvJcrjG54YeroNkgeoAAsletUCFT9XJl7RD1vzgBBbcJtdkxmOqkzUjCjE9f3ZMrJ5vwN7b0QtPteJQu_JRLCw30qoZWgVvU8oAsJbquHrHPZPexWFjycvU1ruiMFEC","expirationTime":null,"keys":{"p256dh":"BOzmytFpZQYcYbuDfVSWQzmwNqPuH3WBgQTas3kFSdHHcAwIVw-uh9QFSMjLXnUhd42U84nq_IZDm_odHjmU75c","auth":"LA-SplwImBckhCUWxqjXAQ"}},{"endpoint":"https://fcm.googleapis.com/fcm/send/cXMtVMpjbms:APA91bEVccP8GTFJ2eIjwBcD2e8DWc7pQHN3SlfbFt2B1ddZsv4Q-QJw7LOZNPSppm_k2K6kffJo2Wj0MmPjbjz8BcUnf9xqBK8LzxNVxF9NFzajF619tqVFYHr8eGyQC5gA9NpqYCCq","expirationTime":null,"keys":{"p256dh":"BCbxC4qPcCeISa8vccTUHJzbGSacR9IBpftMPMRuamIsxRJiKsIr189eoi0VNWn-1aG0l9dJ-Evn5sfg8Msst9M","auth":"j7Acr_-GDud6CHPyWI12UQ"}},{"endpoint":"https://fcm.googleapis.com/fcm/send/eFqojPq8OLk:APA91bFHTSpfxmlF0VukxxP0GhEe8o5lI1xUnG2B8G4l_5Je-vOA9h2pn7z3iVyDuqoCjcoACh1Bk5J86LnUDlBZvvibYbKBa3373tiWe1BD70FrIhYUHLQFuZrb5qvcRFYEg3kO5qLb","expirationTime":null,"keys":{"p256dh":"BPIw8EuGI1I-RtZM9KrXYekd8JGohyPBTJAyqQx3Bd8Nmh8KXT4oi5ZxhJiwQZ8s4sU__hiVQ-bSUiV_iw7NJHY","auth":"GLweqgCwfMmCT5W-OzhRhg"}},{"endpoint":"https://fcm.googleapis.com/fcm/send/dpntYJQUENA:APA91bH-r9NCxuN-YtUHLs3hZe9B84Rb0upMfcUOgTiA7CKsxyaMY6GRqTbV-KyWnD6IizkM87A6_WGTr6MkOLsq4kZjZHwSptAYO-MSuv_RSa8lNKi1pZUoBNjcQiWy7hn75RMRloZ9","expirationTime":null,"keys":{"p256dh":"BNlL3-rcAJWJPCHdBxFnroDBM0nKXQlIozJStIPR3TddGRXY1t0XN8UIUdCZ0DiIr2VVJWeyt0-SwLts6L-BwSQ","auth":"sXNPlLppzf5CMp6xQpvX-w"}},{"endpoint":"https://fcm.googleapis.com/fcm/send/fFqH0gs3JkU:APA91bEKsjfiiuzzXXWdj2tdLz7lZYscI_WcmQYfr4J-d9P-VSCY3dmPXWHGrKOLK5htDeOlm6RXGGVaroDKXDsRxaXM6IRYHRSCSV9uYvbs7qk0ZjqUj_wJ_4H3GCg44A_AFOSK4r9h","expirationTime":null,"keys":{"p256dh":"BEf7s9wHvk-jyaIt9C05pGfCqBtDYDF-K4YRcoQBDClrl9LJkI2zJtu_GtZBAHv0Rg121thIy6DbLkglqsMcdl4","auth":"zFGCZDIwNica52EOf2OK3A"}},{"endpoint":"https://fcm.googleapis.com/fcm/send/e4YAO6026vY:APA91bHQirQqqfd9j03Nnx7BkLSaBtM5F2FRlnAr9DLYmCnPC03pVTsq8-U09BeTD_v46VdbuUnIhPHJsmUOD1PPqaPX31CATsiLg_BhCp5FVORE5O_Q50nXfK0VXBzaQjnesXDnR2Of","expirationTime":null,"keys":{"p256dh":"BH_xtA645dypoeV9d1QphXICKuJxB9hAB6jUFYGyKE9tfu7KtEtgvY6a15ECg-mljtH_SbDZXJv4WBUWA1bMegE","auth":"N6e7j3p85wviSQm6FQXtPw"}},{"endpoint":"https://fcm.googleapis.com/fcm/send/cyI9I69uTz8:APA91bFPcTDfIknRjf1FYDGGNuxp8O3yd5fkWB_lJMrbQHwxoUkHxvAWMDfQrb961PdR_t9DrT_wNV40PaPSYB24dP0tNZh24LRgi8Icj8LRlMcYMT5N-vsJoPtan5WGwJo5vf3k183l","expirationTime":null,"keys":{"p256dh":"BCAiQiC-Uo0UWLL7XNpFIQplLA42UkxSqwKD8Ro93XLmKvLXpqEuSTZJCwNdftcEq9EtG6SYBCOM942pHhAe14g","auth":"cNpL2mV4xQpnh0zEQoFpXA"}},{"endpoint":"https://fcm.googleapis.com/fcm/send/eKYCHOa839g:APA91bFc-lD7LHiGhchobqC5wuanbLjaZ51QY6MqU5DM9bAr0M_X1sHUHutNJSkRbDNt63QMcScaeqWXW2ut9WtM6oCwS7oQNEATSzqzdWZiXrDI0XY1fmEFDQYVovbVag7OzsMElrT4","expirationTime":null,"keys":{"p256dh":"BJyeRw9yOE9mx61PcV86m8gHnsdlGIs4XnPFTbCcYLJDwb0H6kK7Urfs7iPkl0ZrzKkjCitI0KPn8gCuhILLOzo","auth":"Oq2RxmloUMwPBRHetkuv2A"}},{"endpoint":"https://fcm.googleapis.com/fcm/send/eZJ_jIUeiPs:APA91bEXJzlWsSpIJHCrKlvyZ1VOJaEH1wwykqLNOPCnRZm6Ty627SnfToS_HaGCkJ_SWRtMEbwyVmngRQKGe1R2xJ8c4kJyrJl7MNxin78xvHqD-uEPNPC5k0jDe91Xz1LdolXsrYEa","expirationTime":null,"keys":{"p256dh":"BFkuf9_TFWJEMaFLt5YLdLKMjl7yIaOkbrL3zAT3JAyj5VJc1YbNirvt5fOszfhzo-QGyfpFI39sb6gj7ayDzF8","auth":"mabwgpqwoOBVWTeAHPiGFQ"}},{"endpoint":"https://fcm.googleapis.com/fcm/send/d6-Uic88z6Y:APA91bGl1rSV44nrb1cYUDSjDT8lRjoxWGz9FLpXYvACuR41nEuv6cWx2wuNIA4sJT8PazQZT05KAsnUgI-gqCC1ZvgiYL1KpoTVxyoK9nW7HSEXCGCuEmP57XEo6taDYBnQCxe5rtVf","expirationTime":null,"keys":{"p256dh":"BGcZgTQ4Hl9kndm9eH0ocq4mAOQTj0VsCk4oEIrilwk7MMCzPrkmLS1ChlJQ-CSUoHZe8uwWBmqGlCGpk3Ks7VI","auth":"inB9thb_IeMSu1baiMzQwg"}},{"endpoint":"https://fcm.googleapis.com/fcm/send/dUivDMjy9-Y:APA91bE8UO5eutr5WxLMsCSMcNUpTo50zc85RPYXmzlbg44Ii6bLopofNTTVB7X99eyiKwRqEWRBOP18-44BjTopYoT6X7SnZHHmkNeTG06B3r9nLcvEL5ee5bSKd6OeUQUUJddd1kcw","expirationTime":null,"keys":{"p256dh":"BFXBovp7Bc-aIgPmvOJ_DMEbVBOvNKKt5ribJANfuFHcQalpp4aMSTjTzlSEzdx68dcR4uCBDd9BnA5KBdSdy98","auth":"qoRP0UoP5YvZSpiM7EbN9w"}},{"endpoint":"https://fcm.googleapis.com/fcm/send/dUivDMjy9-Y:APA91bE8UO5eutr5WxLMsCSMcNUpTo50zc85RPYXmzlbg44Ii6bLopofNTTVB7X99eyiKwRqEWRBOP18-44BjTopYoT6X7SnZHHmkNeTG06B3r9nLcvEL5ee5bSKd6OeUQUUJddd1kcw","expirationTime":null,"keys":{"p256dh":"BFXBovp7Bc-aIgPmvOJ_DMEbVBOvNKKt5ribJANfuFHcQalpp4aMSTjTzlSEzdx68dcR4uCBDd9BnA5KBdSdy98","auth":"qoRP0UoP5YvZSpiM7EbN9w"}},{"endpoint":"https://fcm.googleapis.com/fcm/send/cnToyuFPg6I:APA91bE-O64OaxdL2MTHl_1E1I2XDHynaMpWz9onFLTqzLjCJ8RaFO3HwTgZ9iBQubGYmj13lLjW9BaRv7WnNQTLQhZL3GaV-ATtslTUnn15aKcLApg0gV0mvqzSbMgOjEbS3rJHc2ZC","expirationTime":null,"keys":{"p256dh":"BO9o0IIzBg1LfKr-9075Id6zYWPM-ejvfAdFgEvwqDstRROregk9cC-ECtUOL8521KnPAtYyYVdacH7Y7UGZ6yI","auth":"izePlWfTOuXqoTHA2PZuzQ"}},{"endpoint":"https://fcm.googleapis.com/fcm/send/cwYLZ5Mz7zY:APA91bHwyG7G0KCoeO05nF7bnleziyxzICRITtX0MMUrWgi_t1VJg0MGV4a6OPaG8JJd5ANFIH_vzzfF3V1WjmfHWLap2iDQ4bsCxJxH23X3PQFPRfGhANbaFAAI7bw-F1fUhKyOK7Cn","expirationTime":null,"keys":{"p256dh":"BMtDrbJavk4cvKjC8cWfYZlELkOXsuwMO6W-e2_R14Oms_FPrBopiqpAN2wmpruAY449Djt1E0kWc89t_NPrY5c","auth":"bVPhFH2UCFW-6_I4wjERng"}},{"endpoint":"https://fcm.googleapis.com/fcm/send/dpStT43Ima4:APA91bHTehIjxgygxegcQQfkdl03T6W2N6-RZy6MHlU4QIaD-AavB6Pjar8qQdIijMYIO9YKyExoIB9qYypojgfmWmPgyiiPr4EuD8mLANgm8abZ1BL-71hPWEBQVQBeG9FCKVlxKFRW","expirationTime":null,"keys":{"p256dh":"BHPw4g6mS44H1VhKlOQeT7iki_9Z5ymR8BhMPkCNmDR0uEQIaVhX8f2WjjRRntt0u7eVJNf_ROBNaMgHn6kWXQg","auth":"0JaffMSolURFsF9D_gtYaA"}},{"endpoint":"https://fcm.googleapis.com/fcm/send/etuxWAnOntc:APA91bE7OqwJmJz10erZY2ijPCc4yNz7hAOIX3V59JPc4bvhLjbdt6E8Wf8EhL3IeZLaRntghp2vCql7_26ladl_DbSLKmLJRnQ28kSsEuXqyhuCsbsgpx-dSvl1iPSWJ8pnGxZ97HpT","expirationTime":null,"keys":{"p256dh":"BHzVZywX7w3F8s42S1OgMsjUM3Nbo1sAgbuOY2NaCkQh1Jv_rf_oNkPVcQoL7tKknV8yvA4PEJzVF3-cVXAKDOo","auth":"XNTsTqMm6wxIguVR9fSH3A"}},{"endpoint":"https://fcm.googleapis.com/fcm/send/fPngvq7ysak:APA91bFG4Xm7mEmxwzR7tSzK_Raa18mRT33bN4c8N1DxPWgmcxD3tMD0-lvuDzZKePtEmEKUjsQu_6fxpEXmyv1Q6QA3NkavX1xNcwG5WRav4SuY8QhFagrAgd5VSiLfjz5rzqfQnLkH","expirationTime":null,"keys":{"p256dh":"BL34IZ5Or0EiMWwLtn_VB9qrEvti5Xbh_w-_hXP2tqrgSgUGCbSwZADT6mD6hc9vP9R9yMz_42Yvg5WRZLJ5YtY","auth":"tcbMWI43-dgHyARtvWHsOQ"}},{"endpoint":"https://fcm.googleapis.com/fcm/send/dWBUfcs0nfY:APA91bH5fL7ElMxLUaGFCC7oDgMJTV0XY8ttzInSrtiVmhCvst_EefWVVNscG9JIDeysmV7tjILBMg_d5GNJyHOZjzhbQ0L1O3U8v29_w-fWem8Bym7kL1cojOGNCTxHRBb5AxPWvqDk","expirationTime":null,"keys":{"p256dh":"BAnUGE3rpT73DaviYIqCLIO7viaAQobRjatg5hVXgpAu_YxHHDYxgmxiBzy_NXKCbkETNeJee4qMU6v24PdlRsY","auth":"rQWA-orhmlEd7P-8oyaHkA"}},{"endpoint":"https://fcm.googleapis.com/fcm/send/cbKWLlmo9U8:APA91bEcQkVTLE4N68NagHB2TbAws6PAbjv7QXZ1JCJZRnj9JC7_ak2d_wF_ZoUpJa_K_MCOcRdLP01V90MwFAC43AraZynCtSmYowSb6YPbunxd8wI8RmWxa515QBS9lt_DdOkQHFNw","expirationTime":null,"keys":{"p256dh":"BJvdHw6W9XeF2zzdqLwkfmEtPL3y4bj3viUYiz_cDY4vDjB7zy3fn8MlywwzlXbTLL5STfD3wwcshr8MPESnl70","auth":"lyzbdH2IW_8VmtBaCfaVXw"}},{"endpoint":"https://fcm.googleapis.com/fcm/send/eoBYbSlcGYU:APA91bHP2W12QZIk_lHl_hvmqQiK3rDUFvikf4QDZn9Q6b2C23O8ESwNQZHqRPudQxkV7AZgOHExJWegqIDyZQGXipeaY0yXcBvam8uYIffYlYvZm53vU1EY40DzTpUqDrWaMDZhuBwo","expirationTime":null,"keys":{"p256dh":"BLg_lqwXWX68B_Mfd-spLkw06SZSPhb43Y3XF6m6rSdx5PncFqAGh8zYwNjgbNlApMfQ8q-AsYeb8z3FG2DXQUI","auth":"frKGJ4dnbrXvZLuugGjEDA"}},{"endpoint":"https://fcm.googleapis.com/fcm/send/eTilouFs4Vs:APA91bG1j-7i-bppvKkbiE2khEEChjRXqIK2FxUMlqXf0szX7wLxiSW3UYqY2-iqYy6bhEXyT53lIawXE9V7rj70TCKcuJRQ_iSBuu9FTadOuokOKNEYCQdJgvfd5U3J-z6HrYzWSAVE","expirationTime":null,"keys":{"p256dh":"BJVEfsoXSeJNZ-ffiOI1gUZeKwac4or49QFKvR-kmpgjcUMO8EJHhMLit2aGi-j7dr3V-MT1iocQCqkXVzoOcG4","auth":"o9u7WSm-0Fn-gW9f3Pz1Hw"}},{"endpoint":"https://fcm.googleapis.com/fcm/send/di0eOFFqeNk:APA91bEuHwm00OH6tpK0G90uUH_eJfFd3CxRhHhZk6yUe_R10uSJWfAVjCEJqD9QvhcXdGaZFFUt8O2hVf2GoP8KsFRXFNiX4XubtnJnr0it1bTs3q1t0KMrtSR42Ttj7h9F-37TcWKT","expirationTime":null,"keys":{"p256dh":"BP3v-s1JAbmb7V1Zh2NFIIRSTJVEWKcH-YiXLs4QLjM5tky-IHk4DBBLkPitPn3xGTN_P93tE2xpf8gCnV2s6aI","auth":"Xi3j-UEk02yFeVhItgWTHw"}},{"endpoint":"https://fcm.googleapis.com/fcm/send/fvY4U_HypXQ:APA91bGvmdzUjcW-RcbtEdmxgoaAyIvql1KkY38gLVTs6wdVJISz2I0jQtt696SvwEzJNzXSvPkyQykaYHwpneWatzhOHA5fu-2-YR33ifFO-DR8Ap3bQNjfC0MbHczv34_TkM_ngCBk","expirationTime":null,"keys":{"p256dh":"BEz2flpPZqa9lw20dG8eC-RwJc_eQZoXu3J_UsSJop2GdEhG4vOlx7nhDxnrOfV980S3MT1LLYF6BTRV4V2JM4A","auth":"-WVnxFme5xpLjYM7EmIfOA"}},{"endpoint":"https://fcm.googleapis.com/fcm/send/fVVm3OXj4rQ:APA91bHM9r3gGRD4N83I4KbP2a2_6_aO0SgSW4vOCBp2BLS6impj9vVy3I8lQjoz8p5uPjRog8VSGpM4QDASZZ9dLzrE7dTwl8xQ95M8KLMh--lJT4J2JMEYFFiszMQosEVW3Dp2VUJT","expirationTime":null,"keys":{"p256dh":"BNjJ22TDXNR4T2hV-lY8zud-bGgK_R4RVyc0X3V9hjn_vei5e-9aIExuxJ9zhPCxwxTeRQK4RS_r2eW7L4Gc9Uk","auth":"ajDmbdgjqZ0vvZtKdyNzEQ"}},{"endpoint":"https://fcm.googleapis.com/fcm/send/fAJcGKwTPUU:APA91bESgdWNqdS-uDJAylNemMnZOnlQgjcQA-sHcf80dezdUfR03wyGaqArjDvOyyMk51h2UDQn1tTjQsEK9u2xjidZ6s0G6nkZgFV3I3MOt0D__xJ9cIeBRQBLC6-GX8n8CN1IihYt","expirationTime":null,"keys":{"p256dh":"BIM4d_Rd_6qRUX0Ew2_VCGQGx3bWC68u0QsJgE1jtXS8zrq2-zaXDUQjCd99UsfSJK-ixkTBSD4tlB42f-TzUXA","auth":"DMH2UmRun0p1Pt4wOl4d0Q"}},{"endpoint":"https://fcm.googleapis.com/fcm/send/e7vDifROF_M:APA91bH0dwiD3pDmB2nHLPS9eq7bKQGc27MUKpJg9Xm1c6aVOhR9nRPlyZqsHETzBNxcfveHKzEcz_8e5vOpNfPP7scaWqRHFa4RNLtTklTjPOX4kjZ1jPayeKwXZKsdLsQSWoHQS-vp","expirationTime":null,"keys":{"p256dh":"BKsvZG5wqQkV59_Ysz4CzmhRaAbte40ZYEq7Wk0JcfZ9ioU_-mfaBKIkmgSFQu9C7g_Ad9Hxs3FOOcZVOfITEfU","auth":"nEoTcAm6tg0JjofWqvhCZQ"}},{"endpoint":"https://fcm.googleapis.com/fcm/send/ftacKrkuUFU:APA91bGh6Jkd3EZuOEqhfYImd7_myW8C8kTE55lQukIXTUhVYrtYNuQ5eaGYGiNo_sMatuUXVItvFEPXe7vbO4FTm8KTW2xLoUaIRtaVSFTGb0dwxaNwLwmaYOIue7ZMZOQWu6_R6amj","expirationTime":null,"keys":{"p256dh":"BCQEQcQHfmT0kycyLCeT1GM7pBH5qu2TG-YC-RgSs_zUf806y0avEUncBSF2QhZReQ1_FHmPMOqsX9ex7YIp51o","auth":"c18HYfCJallkNDsxqEjtYQ"}},{"endpoint":"https://fcm.googleapis.com/fcm/send/e0k7GmJjlyg:APA91bEMvc5H18kMLNhrRU0ZeDougtGo58gAfDPvAITF_UUX4qldUnHhq8VbuEg54hEXty3R0iweWoPEVCmpl8D_CgZaC2m5gHUCuMZVfkrwPIoIde9rzz7DKwd_TPLIsVjbvMRutJcd","expirationTime":null,"keys":{"p256dh":"BOkM3lXxrDkqDSUHk_X3rgo48Z28R5ihDgrZm9njhIDJxc1jMCN3Htg4whB87BJued9Y0RnBPjPbnAKgD97kEjs","auth":"Qec5mT6bTbFVa_LIoB-F_w"}},{"endpoint":"https://fcm.googleapis.com/fcm/send/cTX8PVwovLg:APA91bE3gYtvYLgCaDRcwKXL4b4whvLji7FdZR0CbIJ11EE8A-dTpb7TvG0f1KVSxDRY0BvdOuPL18LUEcEdHQ17F7ueYhTwFMKMPgcK0kwzVScf-leYVqKUyzd5lxNim9Mn93tw3BMo","expirationTime":null,"keys":{"p256dh":"BATLC1XbL6U_3weyh9lke3ZakkJ2GQc_SUat9Ce9boq6sU8jb7OEwVzsyURtqNARZAzMVKaCUH0pcqnJCf6Zlv8","auth":"Z3vpcdNWQh_HDE_i9s_aZQ"}},{"endpoint":"https://fcm.googleapis.com/fcm/send/fR4UxVpB3d0:APA91bHS4SwgDRPTsTWWPyn3FYiTSvg3xoq1rz5zaeVo2mS_lnn8J49ZLxL8YvEZPZ3sgLNioXjRB3bOuv_A4HEg3ixlNplksKy61wX8mjwWow6hrCC8XlZU4FSAhLNj4vEKRcaJas6d","expirationTime":null,"keys":{"p256dh":"BKtXYOfe_3obGAI822hzLSZZSEMdnTmCOMtl0PQXNA04RaiHana9tI-4JTbrU9s0QNdGQfU8mPPvlPL4-a-BNG0","auth":"EyeZPGHaAtyvnWmAfRh3bw"}},{"endpoint":"https://fcm.googleapis.com/fcm/send/elfxbcDGrxo:APA91bHSW5tW1-_i0cUD-C3riG-QO3v_H_GY0aCYBwSOU2qmr2i_h8ON9QqjxQpsl7OBdo4PZ6FdYDoPr-E_typceT0n3MeLZs4FejP2oRbylV47JtHVVwcQCSrPHgTFN-Y7vDBhQPlZ","expirationTime":null,"keys":{"p256dh":"BCyoFcLsQGVeC9gVFdqgJhzdLW43_LmKM0MzrwccfQd3OmJyAx7syf2zwoJZZvv8Pdov9mQ9UHCg2uHboe8rM1k","auth":"VbLqELf1nc8oVWbDnHBgGQ"}},{"endpoint":"https://fcm.googleapis.com/fcm/send/dJHGv5tXWuQ:APA91bFCZHZ0PJly4fxfMGfir2AyySrorlHyvbB_VV6g0la6n7Kxc7AGlzOpLIPtczgaBPTIa5u2cWDXDiRLR6eC4-bz-bNtKHPoZ5GGnRyxdMkjs5CrnvmjJl7mchnb1Zu80Ep4RHQa","expirationTime":null,"keys":{"p256dh":"BAh1ClSKW1ADjPildslVYRp1ZjqB4ugAh600AMVut6z-cVxF7bPu-gxiHBtDyQhmCfTLS3n0BecwK2kCmjFsRQU","auth":"zbidUvBBNCpDuhDtva2nMA"}},{"endpoint":"https://fcm.googleapis.com/fcm/send/eb-O3nx6QKk:APA91bHBID3utS3R0IId6SZCdm4an5XBOb95qMj0uZrj6KJJEA9kff3xJqEc1HBb0JUMHAC3a37EyfuRzHxa5LbsDAbEPFL5AyUSzDgJ0VHoP-mLLNAozpilFuRP7Ev8uRItQ7mwC1HD","expirationTime":null,"keys":{"p256dh":"BH3yJluKIxy9hD_1LKIyKr3b2DKB5aj5s9hheKvu9bpvXcyGkqda7iLXgzMP-a4aKkjpulhGI4HKxDkVWjO3tQI","auth":"YlwhAVr-oZiZzT9doHvY0A"}},{"endpoint":"https://fcm.googleapis.com/fcm/send/edEjvUFrVfw:APA91bFDQvri0M-hRGT-twOCnFCyitHsonFk3mSHLVJ7GcKJ8MXyFSrZQR60UcP0l_Bh8c_E-WYHT8BAuStz7jBoJ4o7fpX85eYoW2AV_YMjzlYu20zomTC6YzM3GkZNkQUo7L3qOy52","expirationTime":null,"keys":{"p256dh":"BHpgDur3Jcw_J0vap83ZOLaQIJNAvxjL2w6DCPV8fWEGnq1jDBMMnSvtM4pTPVMsa76lomM0n-ovj5nCzdR9efc","auth":"27X6YaQC0qjX-KquSYZKyA"}},{"endpoint":"https://fcm.googleapis.com/fcm/send/fSQhu7tsB8Y:APA91bGP3duSlu-_W2cQ4t0VHBHoXsxs6bNthkuBrKJddmDoDfVr7dh_nQVFNk4LWB3UUOeKPSHWTIZjEgQiE35bdUuoeIlpuNSgXMnTvsVBFhoesoPGm8SmE5l5c4uZp628Tv8Xn82Q","expirationTime":null,"keys":{"p256dh":"BN6jx_OOmhp4Q8_6cFKT7t8zwyMfvu21EJJBszun9ss81VHQHUxLgmxj5DVtO4-0Jx9d4OmIThZ6gN1hI3YRq1k","auth":"xW2ktHgqnkMPF2pVVgIElg"}},{"endpoint":"https://fcm.googleapis.com/fcm/send/evV0CzOvPMY:APA91bEx4DYZvq_cvzoFDSZ7ngK2KRo5GCMZP8T6sXsHpcp2VKWePNdWAnA5nA0UcRuCF41r5juMhkBFhu0cVWBPaNzhEpucshkE2u_bd7ENaf7Jp1t_96RBRzOM9nD2Zekpyt8PF79k","expirationTime":null,"keys":{"p256dh":"BPmNpDcZWXrIPC8JkNLtADrrUUh8V3xyLkAPkZb1lYaSaFmix2T9LB4KlTR4L4HFcw9v-8cM_KG3bSKMWYnfr7I","auth":"GmCqrT6tDal-aydJUj9CVg"}},{"endpoint":"https://fcm.googleapis.com/fcm/send/fObmJi5V82M:APA91bH1PfEqoaUPbzeumEyE-92nPylA1wsz7hGGo2NYC-s7E3Dg0O0zCkDzJwcyp6ca1daLGRBsnaDaOsfCBzT1gahGyQjLHdr3aGUX1dkHZML11Sgy400779EVryDRPALVnkuRxSsb","expirationTime":null,"keys":{"p256dh":"BG4ZMbjtbqu4RRA-TqCA3IGg_bE9J6znynsOMYRADjF4ZiChCwOZcB6EMS4KjnNQhWcPCRPxD86PeZTe8vutIEg","auth":"f1yzCPJyZEenJzYxkppz4w"}},{"endpoint":"https://fcm.googleapis.com/fcm/send/cL8VekH-YcA:APA91bEXj1BhhROmDsBG1JZVpSwMVxKyNwFZPFgVHzljsHLe9zjlfU3oL38JxYjI6HJ8n2CG4NTvSf928IlDkgikdvL5_Y5wWdVgucYGkQbMYeN92rMk9ov8jDO37CthQ9Z-mzW3p1ZN","expirationTime":null,"keys":{"p256dh":"BG4xj2aEdLT3FsNGy5aqvSvRPaSCC7YU7Kq-QrTkp3jK14sJ5aDVvVeQNPIxTQ8PF3UFSsb0LgQJ-LMCBtv9S-g","auth":"nJrTXYG7C9778ecfU8kITQ"}},{"endpoint":"https://fcm.googleapis.com/fcm/send/f4WU9RjH27U:APA91bFf0-EUrO3t3uA4TBFlzhO6ogvbgUuDG6JMMeS6NHakV9feQGcMronh_llZqLKqhDy1UoOPWkNN8pq2nJ89zLUMpBRVGKhWpWOxZEBbkciR0kJ3Mfm0vWuRMYqRz_L6yw6jVFx7","expirationTime":null,"keys":{"p256dh":"BCu1WEjWeq51vmh3CgZl_AhGwr6rbEGYOTSndaxX-D7BWM0GZyx5yxlhcw_Tgc1a2zAbL2vS7accrD51URDIHFs","auth":"ZGgDcmiSsCVcnv6QP28XuQ"}},{"endpoint":"https://fcm.googleapis.com/fcm/send/fY8_p3pUKUM:APA91bGBym6qzyT-sS4-8xDNzAZR102m9T8fe7jc8u4IF8SDoibcbhqscIZ5THFfVaeuLrDrlG0yDK0MnVx_pi6zWj56Ojyg6e7psbUGcqHEviqhbcPMrknLDhtggLp6sidNJMDF4bwo","expirationTime":null,"keys":{"p256dh":"BKSGQY8a2SVcufo89wUbLZqGiJpr7nV13yYWD68znvr1iTGDEWo0F3RRX_DgqIAZKNEf_dqxHusk6ce2orijQB8","auth":"XwqnXfTCWmqQjKcPF98j8g"}},{"endpoint":"https://fcm.googleapis.com/fcm/send/dArCW_BBOys:APA91bGKy8ZjXgY4D5gCEiBhWLt0o-s_OH-4psItKlmP9V9ho-McIb83Kqb4SyWQRqwpkKRiwZspDDdTPLLhSdo08q3hvL6OPREAbDOQj0yLJpAXBGd3zefPVWKEEnWdzNtEjjn3YZz8","expirationTime":null,"keys":{"p256dh":"BIXhCBYE88IGvVhgD7T8c4Oy6Kyngo8Yz-Hbiv40QPGgyYmW04NxrNvOp6fesMUM-7trGpF7yD3zJnm39nPgR5E","auth":"FXPan2hLDar5IXX14l1MnA"}},{"endpoint":"https://fcm.googleapis.com/fcm/send/fcSjUAJIMOk:APA91bE9jpWCg9m5GGODekBhxahkr4ofA98-3wOvmG5Ft1OAiu7SbV7ttGVHBu3k-eTRAGVhrjrwF_u8k01yVzsnqyihyKbZJhU5DRvqVht4Ja2AGeocnOJ-XqGAd1TxavrrxMnzFPP3","expirationTime":null,"keys":{"p256dh":"BM5VLnUVr1QpxH1qmFq3DzD4NeTUgAjM9QK4jz6l7MHQ8VDlG3y37P2UW4SzB0XvZqIib-dGmUaPWK0ANemyEJM","auth":"B5ElIFOgNhE5ThKxQe1Pkw"}},{"endpoint":"https://fcm.googleapis.com/fcm/send/eUK8zMj1bO0:APA91bHmpRDVBoRyRXnW3aD_DNZYeT6z5H1YYOb5806aLAYlz2p0tVqxB4WOnksay-Kr-9Y5BY98g4y0YRwKAgHTvPuxKB3bBsCxrsCWCs42yPWS4Ih3yP8wB_G-pw0Qsg6sHrI3WtWh","expirationTime":null,"keys":{"p256dh":"BKEOm1tZpPHpLzEEiswC5AdCxzldw1zs1-GTLJE93eRN51mdlwsY7mdsCka58qzUynhmh9BnB7lO8bYbZDHzscY","auth":"S4LTfnmCMgLXT1xQro_Fyw"}},{"endpoint":"https://fcm.googleapis.com/fcm/send/fOq-q9-8FSk:APA91bEGyudhP4ocK7nHfcNnit9V839phZ424axH83pHsSo-KMnnlRU4PJFIW8n2mfhXiU_FKVjyRZCN4JM6PgYrrlhVF6Xt_2xuYxcxiPebAw7RDQ4A6aRR3FAB5YVqjNswxoD-7JXm","expirationTime":null,"keys":{"p256dh":"BGateVb5LFYOYhMSxxd6d1ICEnOs_dy0MiK8MLVn78HSvnWBuSVh4jf8EPOcj1Nf0qNrgrS4x8Gw9XqF7Eix6gM","auth":"REwzuFwzmAsgxCHW2qGZ4Q"}},{"endpoint":"https://fcm.googleapis.com/fcm/send/fiEcV4amWPo:APA91bGaFT4tQ7PvZp65xJLnPPy30yPu_KjjTU3QOoFb9zTr_2tN6lX4OiX5hRJQHXNQbmVqDHHMPY-5qGMSmX6uIohQolnQVxEG5AkT_TvYOGhOPPpB4ooYfdfQXwx7Ivv5J3LNI_bi","expirationTime":null,"keys":{"p256dh":"BJqWrwu_pywa_1727dLew4291YOhPk9UtwW1WKWF0VzkYF_vG_sveCLD4W4jtppl8WMZjlEvw6g8V3fPH7oSPmw","auth":"Lc-5om_64jyI9YvOUo8sBA"}},{"endpoint":"https://fcm.googleapis.com/fcm/send/cRAgIMKp_MQ:APA91bE_79zOYYyeViJVBvcpFzCarWB_oCI3WnH-ICt0IzK_JiVtzWTjVGRZfwKiEGu_obtTq34wRcH073TpA_8LD9AkW6fb2iwGBOq7xLvyaDDFKVquRvrmSamrGHUVrmDvnT-1RtcC","expirationTime":null,"keys":{"p256dh":"BGKJFc_UQ7AR0mMyfS_Jj6qftAWq5RhQ_mtWsceVaCV00FSLK9tMefl9IQTXiSxl7_Wtutkfwj8b9YsoURoOf5g","auth":"kDvLNCIM_33XKfHTv3XcWg"}},{"endpoint":"https://fcm.googleapis.com/fcm/send/cZes42KdhjA:APA91bGM2Ev4rTEoaWfAXsQSN6xryd58R8H11R3tThug3yH23hmd39CKh-oDQOb7WFGttBIbxV1QA8SBv-sdRx0LWaIuN4a6TJTGZgpHn-ubq0Dg6Fk6bls-EU9LfyXq0fXVzF75u4Rs","expirationTime":null,"keys":{"p256dh":"BGG8xbNtCZYGC_WXD62Yq0AXdPz9wU1H_cQn_BReYgr8cuA7VrQbeTX4F1czloz4UVluZrT-NlyJVyAEZ0ZK6Oc","auth":"wjv_4lkXcRHHfqOFAS-vVQ"}},{"endpoint":"https://fcm.googleapis.com/fcm/send/c30V-r8h8Fk:APA91bGHIfno7kr6uo-IeoioRtZMhYsqoyqOUkw169EMVBS2xt-kftkqvKwDuWcrZB3QCQw6lUSzj1sNQqR4pWEVrwfqEU4ICWQAOYAbUNjBatgJcOavD58z9X418vnqpRwJUb-mpqZz","expirationTime":null,"keys":{"p256dh":"BCnv95zYSfHN6IHbZUWA5olQvinEijhayq4_j9C5YKomeHFK01VLP4MxIgJpkYFbswHMHV4vZiQrR5aU3bTPVvY","auth":"dr2yTsG5-EMK3rI_VoBuPg"}},{"endpoint":"https://fcm.googleapis.com/fcm/send/el7UoP6yWnA:APA91bHhK88ef_YOOOiMN1HTxSgnA0NaJC0W2BR5Xnjhe_pQCYWygu32X3p7140MvlltLJ0O_XaBGTYdUc3UGFbkyRCTfrE2viShPFEorVUSPXPng1Or1Dr6wDMsu4F7LkQcn1qIqOlm","expirationTime":null,"keys":{"p256dh":"BOXDf4HeK90KuzPDx5tCN__gyM36A4nRaKUF27xSZkDxXMM5msqahxPMHIarRIqimbJ7wLa4g82Xx5_LoWqqy7c","auth":"AQSFPsV8zL5wkxnVJobZHQ"}},{"endpoint":"https://fcm.googleapis.com/fcm/send/f_WBBPS4LXo:APA91bGj1jzdQLrMeXdt-hc9Bp6-ZeaK1I-PRhNX_10oZs6BbC8TOg_wWqPv8PLrDVYDx_PHD2QVnBZlzLmpT8MbKDGXl_cyNG48BpmnYHBGirI2yJgMrq6m7FVZ7nfrZSKvYv4wPSur","expirationTime":null,"keys":{"p256dh":"BJNkXayaAAVkJyIROFGg4g5f-zaUG9iILxqRJKEWAECFloTt_0KmeCcvSJX0N7o-0eZ77PKR8HtDYq4viL_D_Ws","auth":"JWD0f8jUi6FZJ5RAWDnqEw"}},{"endpoint":"https://fcm.googleapis.com/fcm/send/cv_X3zSQTFg:APA91bF_LPRYOERywJ5QfZn86ZS1MzlKsQgxhYdWMgBY-P5QnTzcb0m3hNjGsGdYUuqBK7dddAW-CHdqpoBbN45t-_pGfbbfHJDij5nMCf7rsPmrU873xwM3kf7xWE4EWTX1WDLwzlGF","expirationTime":null,"keys":{"p256dh":"BEDPzaeTs3grVu7jaPCOlWWHjdvDR4tumjSED6sU6sf89J5goUm1fV3jX-dhoVuCVyQRkgdfW8IgbUKvMAEkdmg","auth":"I3P9pEJUAlXGr8yIWMINnQ"}},{"endpoint":"https://fcm.googleapis.com/fcm/send/f82LBHRxW8U:APA91bFO0yPaFkgx0UjUCBmLEL14qqvQVy4qabdOtJ1t4TSsIc6_2JaIeq9lDcEdJ8lKx047uNFN05rlc2mzJk7zBBidV3_9-hpGUA-4CC4VJstAjqVzaHsu9wspkytMEHb_sBOCJJIr","expirationTime":null,"keys":{"p256dh":"BEnX4Dvazg4UNl1kf62ruRRuAZd_gJaX90WSmlNlw7YPN3GcXBfKAdSFEVhf48l3AOxtcVnuFH4sIBL3-zFRUDE","auth":"KPyprojE2Bz3l4Gy-q8m9A"}},{"endpoint":"https://fcm.googleapis.com/fcm/send/eqCHRPl5rMg:APA91bEwcCRR-wS8rsuGaAIl_ghdHMrbw2lWuH9S5NZMM7FQEZN0jUYi21nwpDLsHZmOvdg5nEW5zh9uOpTmhOU8C2jL_506PZRJIncNF2qM1H2irvQbtEiOz96iyhpSGbj89IvOIOZs","expirationTime":null,"keys":{"p256dh":"BIi_7c-RB1A7cHwYKC4DbWFz3ffq0qyKqgRWM18qqZrNgjjtzj64wYyrCArE2l1AJusR5xGT6-Fqo0CXwledn5c","auth":"6C8udZCZW_t6DVMyOwDGCg"}},{"endpoint":"https://fcm.googleapis.com/fcm/send/fy0PKlo7Oy4:APA91bE_pY6PjRCyzbXhQOs56EJWVJiiHfH6YsHoq3tpUzJSTFvTFGbwxLTMW7Piw6AbwLyEK-rj20BfCdsSDLbkahJn-OMGPJMg1r74K4NTvqD1UoiBZnj2YXjabGdqF6TJY5Rpa6wu","expirationTime":null,"keys":{"p256dh":"BIgiKJcPpf7TybiWasjbv5vbqBhhbo9WOs_wX-b50Xb5LR1qXMO0g3py6CJGmx88QwvGZk8gaaJasnzwEqTKHbk","auth":"L6Z-WIpD0VScvg_G9S-Elg"}},{"endpoint":"https://fcm.googleapis.com/fcm/send/dUSaUOyVUEY:APA91bGy9cq7jd1rR580zzaKCvUed4qOUk92CTJBNSkKcO6kN0W3vMiK7MvDRnB1oK9187XHh6a32KIVsYxiwNwudSXXec4PtkLJrQfYCXrMr5W6wa7t5TdtQJoNpT9pwBwtwtCRLdGB","expirationTime":null,"keys":{"p256dh":"BMM78CWb5_5V455Nu5ZNuMVZYROKDvKm4v9x-TwJc6opZ2NXgj0HSB7k26ZHUjj1Vn4DSnrDgNgdc0-E4X0TjbA","auth":"7R6wiV3zGbeDHGHmgmHABw"}}]